id,first_name,last_name,email,gender,phone,role_id,password,street_address
1,Jackelyn,Raywood,jraywood0@va.gov,Female,404-778-9657,1,$2a$04$8NlcOKGLpkKj1iE0TpHzcODOiP/kYAq4obeNUFPCjTlUZdkXX9t.6,5 Vidon Circle
2,Brockie,Logue,blogue1@nhs.uk,Male,903-834-4574,2,$2a$04$0/5VDav54QRaqV26hv.Xp.p9.zNfSHo1cX3ckMPy7c8o8QOjUeLHi,56879 Sommers Center
3,Hill,Asson,hasson2@microsoft.com,Male,746-566-9240,3,$2a$04$S8n4IkHH027POptvxGm97uuo/jpoe2qCzvxI8WtJb0MrGRaZEGHu.,64056 Gina Terrace
4,Antonetta,Diviney,adiviney3@huffingtonpost.com,Female,299-244-3365,3,$2a$04$peAkLe9jqUMUegvcNGzPAuv5S4UcUC6DCxdJ7cmhUcsM6SEnMXz32,0 Mariners Cove Lane
5,Rosmunda,Nisius,rnisius4@forbes.com,Female,137-123-9399,1,$2a$04$tnVDqpcawGM4xAXZFjt/aOiiu6NPmHdHRNW6Pk/OKan8MxSQ7EP4a,5517 Maryland Parkway
6,Lindie,Chaloner,lchaloner5@shop-pro.jp,Female,990-356-5687,2,$2a$04$Ziumi4J7hNibcvcQb9yCJeuGAdSTsT6jjsJ32rqysG2KG5Xu5d.by,76 Reindahl Street
7,Lelia,Kevis,lkevis6@paginegialle.it,Female,808-828-0606,3,$2a$04$AhauLM3nca956.l6NBzwr.I0QGgW9wTpg7HZC/2YBVE7pmk6AREOW,338 Macpherson Way
8,Selle,Eddolls,seddolls7@jiathis.com,Female,557-507-7467,2,$2a$04$zF8WjD4MWSpwPiIh4OdnUea4MH.58dvRvcnALEXlm/Dub5BN7syp6,356 Arrowood Circle
9,Adrianna,Stodhart,astodhart8@feedburner.com,Female,146-443-8427,1,$2a$04$JDzYLpDZZwtyoy8JK5ZBvuciF4Mw1SHvKI70.3FOnoDjupUnQsml.,9039 Roxbury Drive
10,Maximilian,Raistrick,mraistrick9@google.pl,Male,764-181-4689,1,$2a$04$r472OrinNkzJhTJShwoHB.p1htw/0/vW/x7hFePrIPoIJuDMYEiwO,1367 Grayhawk Drive
11,Ahmed,Hearse,ahearsea@amazon.de,Male,696-187-1050,3,$2a$04$DmHofhUuZKZq5nAWuGWd5OLhT.CpFYG2CD/lxq01MIs8a6wXIK1aK,141 Luster Terrace
12,Abdel,Scotchbrook,ascotchbrookb@dion.ne.jp,Male,339-634-7801,2,$2a$04$r0Zef9CMuO191pTSV.x6VunwLTywuahyHBmjZBVNw5sf/b4Xfl6ia,8907 Ludington Center
13,Megen,Bernhard,mbernhardc@home.pl,Female,890-852-7631,2,$2a$04$Wl/e9Ub9bBHKDsh2Qb09wOpc.s9FEXZu4FEKN.W2PyFo8NZla9Ec6,2177 Redwing Way
14,Ricoriki,Pauling,rpaulingd@google.cn,Male,905-899-4748,1,$2a$04$MVl4/IIWZ69a5Qh9CQFwFespSnqr7Yd1UFcFicAZJmr8QBYb80JRa,67050 Del Sol Park
15,Edlin,Ortega,eortegae@bravesites.com,Male,224-671-9486,3,$2a$04$IIapc6ioY0hpEdSliBilD.bG1UAhf2aS1jxnsloMZigcXPWyxZzAa,458 2nd Road
16,Alexis,Kiefer,akieferf@mashable.com,Male,917-763-8867,3,$2a$04$/O82pq0sIWlrBLv2/62yIOlXIK3sxVnVKCSTQZ49fa7nTOmaFJeW6,59 Hoepker Junction
17,Dolly,Gerwood,dgerwoodg@myspace.com,Female,766-320-3134,2,$2a$04$hpTKBl7WvExoz02.1XDzou9afgepUn/w1zotUXqb0W/xgaNAumG1u,79707 Becker Place
18,Yuri,Rustadge,yrustadgeh@jugem.jp,Male,261-949-2498,1,$2a$04$kiMz0p.HVDgeOs.OO2owS.EGA9WhW7D1ixOCgzYfdweSpsClsZsrq,66124 Quincy Crossing
19,Raphael,Cattlemull,rcattlemulli@dell.com,Male,890-835-1244,3,$2a$04$mwTMhANsL4nZZZBmJ/ehe.LWN7hQ97Ji4/pssODTt5m716WhdcBLy,5426 Milwaukee Alley
20,Jewelle,Nicklinson,jnicklinsonj@google.ca,Female,196-417-5889,1,$2a$04$11XDt6cEkCZjsa81WflFIuJfsdZk09/mSRDBFqRimERXBnDHLD5hS,8 Lukken Drive
21,Lew,Gorgen,lgorgenk@storify.com,Male,149-642-8108,2,$2a$04$xdO/ivakuHBH8fQR62u3ueK7loAUyt6vxb5IHYepoBetC/flycAqa,7 Dakota Terrace
22,Edd,Pitway,epitwayl@paypal.com,Male,924-130-0586,1,$2a$04$.ILjgu2Le7sptYR7unQWI.v4yUqEOdvx2FSXfe2sQzgquyWIb0rwi,370 Stone Corner Circle
23,Gilly,Biaggelli,gbiaggellim@auda.org.au,Female,383-491-5610,3,$2a$04$rOzzkIwdUDF2Ps.ICoyBZuhJEEW2sQckyZQEsuLa4qrpbdBwYVfmy,85 Swallow Drive
24,Lindie,Ewbank,lewbankn@google.fr,Female,950-449-9743,2,$2a$04$w/5.X9DBFTAyyrF2xG7wa.h.uMZ3pwyiXv7NB6mZZgJDw93EVa8Vy,279 David Drive
25,Gamaliel,Monery,gmoneryo@hp.com,Male,856-749-1329,1,$2a$04$O5xpBcJN9xrThmRouddzy.PsCXVhZOKeTlqpi0hNMWgpDyVWN1kOK,6978 Lake View Alley
26,Bail,Batter,bbatterp@google.ru,Male,547-418-3598,2,$2a$04$zz5Tzt9MqBB4NRWv9slE8OKkG6LJrMceMXFdWJMHTc6WTCnNIcbZy,29 Corscot Way
27,Daniel,Ashment,dashmentq@example.com,Male,693-518-1914,3,$2a$04$kNPqS1U9IFKMBIw6jdwKO.RQsTCZMmHBQsewJLfVhbKT1ap7E3tJy,8 Lien Drive
28,Albertina,Booth-Jarvis,aboothjarvisr@independent.co.uk,Female,778-336-0398,1,$2a$04$nIdD8jgsvQ0qIrQIs6dMtu9d7Lh4/B1YQZ3pHYv.TE8mN3dCAHHz.,94 Lawn Circle
29,Ilka,Frazer,ifrazers@europa.eu,Female,476-456-3168,2,$2a$04$8jrb/8cmoWmBpB7LvsPvX.DwWLu.7sJAjDxhLViu3Yp.QbJOvXYV.,5 Russell Terrace
30,Hewet,Lello,hlellot@google.co.jp,Male,227-877-7793,3,$2a$04$n.c5HAyQ/SS7mYrFkddsA.Rrgx7ABeDesN6QBeh2le/XDWjaEcdoq,483 La Follette Avenue
31,Alyda,Stuckes,astuckesu@msu.edu,Female,894-141-5812,3,$2a$04$.5NLrt2JDVsU5bpK6hUL2.9SeCDxqgIm20Pb2sYzvKCB4RQaYk5UW,7 Hoffman Court
32,Penni,Mauditt,pmaudittv@globo.com,Female,125-614-5144,1,$2a$04$bL8BQEC2dK6yBh.pF1ADn.5wDuSzQwOpt48iSB3i6C3WlGsh2pkHG,239 Fieldstone Way
33,Grissel,Antonetti,gantonettiw@ucoz.com,Female,130-396-4521,2,$2a$04$/FkAiFvZnQynYnwSeRlggerivFsQuc21p6R1V4aUp/r2dMZyHW/OC,981 Merrick Way
34,Spenser,Corteis,scorteisx@symantec.com,Male,366-998-6989,3,$2a$04$rjg8X2W61l5eVhR8SD1UR.Tm3dDRRMEWayfi6iW.6N9bNd9D9UhaO,6 International Court
35,Antoine,Pickthorne,apickthorney@prweb.com,Male,261-753-1873,1,$2a$04$bT1vn6z6MRq/ZJAnWCRZgupTRd1ZPocMe1YtZGU4v8u0/H78HE9iu,1 Hollow Ridge Crossing
36,Berny,Alu,baluz@nature.com,Female,976-690-7216,2,$2a$04$xf9NyM3NZ4CDLr.otGc77ebq8LCx.cGoLW9hLgF1gQzxGuBL7jWsi,91 Independence Terrace
37,Jamesy,Cowill,jcowill10@moonfruit.com,Male,869-526-7657,3,$2a$04$6fp2C.GG57xB9o3mRJgKseX.68QAJSR8F5V9OdFdeSa/tnQ9ewfLW,8 Valley Edge Point
38,Lukas,Cammis,lcammis11@myspace.com,Male,961-178-5351,2,$2a$04$LnR8DFiYdxlcVUTcN916XuCbNXJqWCzdeYDDX9fuHQVkJGgyz2JLW,9868 Manufacturers Place
39,Rickert,Dove,rdove12@vk.com,Male,827-944-1060,1,$2a$04$nRJYwuvWTT.s5kUXcDoBU.N8nOTTf2IgKw.HjsWx7X4/dXsLBK5x2,42 Upham Park
40,Molli,Tomson,mtomson13@4shared.com,Female,240-645-4952,1,$2a$04$PHjxavEDUBNMZ05UWN2u1ePPWSPlfRR52gtRPWjanA0dJCr0fIc.a,915 Erie Hill
41,Lonni,Kinnach,lkinnach14@mapquest.com,Female,179-861-1870,2,$2a$04$l8HkE3LByfVp13xQZ85pRuP2c5ULYVj454cTT6MVkpoj1qEUdYSeG,6837 2nd Road
42,Becca,Quirke,bquirke15@over-blog.com,Female,792-298-6434,3,$2a$04$HVfyFobq6pwt8GKk9.nqGet1IzpnmgQWI7EvNoGJ3EVPztIOgZjAm,4673 Nova Road
43,Andria,Le Sarr,alesarr16@cnn.com,Female,815-747-9358,1,$2a$04$peOM8rIsTGQxQu8Ve1.CkupY6aoebyWTK/7MVmZQpL7Kjqq1pIWUe,74768 Karstens Parkway
44,Tab,Kanwell,tkanwell17@nydailynews.com,Male,556-473-1673,2,$2a$04$2WK7xgr2d91JZq9S93cbXuiWzPoRYfPkXn8jD67r8WbCE/SjfOrSS,45 Blackbird Drive
45,Charleen,Aldham,caldham18@yelp.com,Female,735-724-6458,3,$2a$04$0Gs1Yf769UjfzIMIhrBO9OfnDe6v9bVIg.x9PaodVl06LO6j0kOQS,38 Hovde Street
46,Nat,Giacobillo,ngiacobillo19@bizjournals.com,Male,852-260-5193,2,$2a$04$BKHQdnvaAFmMUZ78jnRMtOrMWKLKL.ZaLCIaBRV2muRpw3GvH0iHG,451 Forest Way
47,Benetta,Varvell,bvarvell1a@com.com,Female,678-885-3689,3,$2a$04$pillxz2zf8khwyYFrkBum.YZjCwW5Q4RTKlmt3FN5lzQZBi/TPx1W,783 Fordem Center
48,Allx,Brodhead,abrodhead1b@youtu.be,Female,710-384-2817,1,$2a$04$N2faTx/wtRRlHBVBCdBy5eEbstD67Qls8PS2GZwT3y8sQtUUgMXwy,4 Kipling Avenue
49,Rebe,Staterfield,rstaterfield1c@mail.ru,Female,987-391-7919,1,$2a$04$twpZwdIpIyujq7GumbULkO19hbV/pryutVWF14ktqj6oBOTkCQTI6,78 Vermont Terrace
50,Dallis,St. Quentin,dstquentin1d@fastcompany.com,Male,879-534-1318,3,$2a$04$/t6VYCkgGmY7m9f1Y56K5.cgVjG6c892ePHYzhPiFmDIJeJuAd5OW,61 Myrtle Place
51,Shelia,Coulter,scoulter1e@wix.com,Female,894-247-0802,2,$2a$04$Oc01TkC3FJ4J6mG7yuFxPuKEtrMAc/opFTD2ONt70zaWdBqLQ/D9C,3247 Straubel Point
52,Aleen,Bortol,abortol1f@cisco.com,Female,506-800-0113,1,$2a$04$nkF70Ia6sPFvj4ngZkezkeYXO4PU6Pdb8fPXGPMvUFPGX6k8sXurS,484 Anniversary Pass
53,Marlow,Cianni,mcianni1g@toplist.cz,Male,893-984-8449,2,$2a$04$Ozb3.2o1SfR4jjbtG9Bi4uEMaph9O9jtWdWNVkyYNYE5nflJE8Zf6,9 Bunting Court
54,Lazarus,McCrackan,lmccrackan1h@cocolog-nifty.com,Male,602-427-5945,3,$2a$04$gxzylupeAhuMCamdtfYN9u93JKsAmKv6/ZTX9IBdRqnjZsfS34mde,759 Longview Point
55,Tyler,Eric,teric1i@prnewswire.com,Male,872-901-7568,1,$2a$04$AK9byNvMzp01Pu0bZprSN.deiwkiZ2/Mheb/VxxGqk1WTYUC0jOKm,673 Erie Road
56,Celestina,Maccrie,cmaccrie1j@yahoo.com,Female,655-352-6582,3,$2a$04$05VGw3A2NDTJkQrsF8Gj8eLc5t7OULY5yoQw5j2QoOUfnHHoCM3RG,50943 Di Loreto Road
57,Ivory,Peterffy,ipeterffy1k@eepurl.com,Female,591-990-3824,2,$2a$04$VoRHu03FOQpt1/Ss1.DZdOcinV9O2c5hpZX6lNNaUTsGL4wKMOu/q,89 Paget Terrace
58,Marcelo,Soulsby,msoulsby1l@1und1.de,Male,659-462-0499,1,$2a$04$6uXuP2Y0JHUp.LMheRE0d.qLQUt/2sS9NPN.k4Q8FiS3A7p.8oOo2,25272 1st Terrace
59,Courtnay,Brideaux,cbrideaux1m@vinaora.com,Female,248-997-3333,2,$2a$04$K.8cX93TBdyZb0Nl9Un9wO3OdlQy754ibJMyktLG1ES1b3X7L5Ihe,340 Scofield Park
60,Nat,Attyeo,nattyeo1n@tiny.cc,Male,198-317-1353,3,$2a$04$cFD8hcuKu6J/RCTC7lS5pu4Nek4SHOo3b5ahMGgRLbTSDoC8X6I8q,2583 Westend Lane
61,Nelia,Miners,nminers1o@elpais.com,Female,189-677-3841,2,$2a$04$ujLmvwC3e3EzFoU7ub.h1ur.59b3vsRN8F5vUVN2zxrh1oTmtP8KO,54619 Debra Alley
62,Janelle,Tyne,jtyne1p@foxnews.com,Female,207-225-2691,1,$2a$04$vmWJjBHN4/V.UGlEuxB2zOlbqbhJeduN21QaoBqhmmdaPzeDiT59K,171 Fulton Plaza
63,Berenice,Gligoraci,bgligoraci1q@comsenz.com,Female,393-724-3836,3,$2a$04$.vVmA2NyK9nza6WmyLK79.EFgewFpo/ID9S7GwMWUyH/tnvbbrY/y,8 Lighthouse Bay Hill
64,Benoite,Vannozzii,bvannozzii1r@unblog.fr,Female,210-911-0802,2,$2a$04$lPRroo3tFS5KqbRzJx7pOOdJYjelwbX7k1WKOp8mEvoa/PksinHeW,83652 Fuller Way
65,Eadmund,Sisse,esisse1s@fda.gov,Male,944-123-6870,3,$2a$04$u3BI16W6t/3QYrwUic0ICeT5gxTRsFVWHC1UfF8OiAHLVCZPmUnce,483 Schurz Plaza
66,Rafe,Izzatt,rizzatt1t@kickstarter.com,Male,940-530-1767,1,$2a$04$R11HXKsEcd8S77ljUzBhiOYsZePNtXrhwOhk2UisYIJb71Y6LxBw6,60391 Spohn Crossing
67,Victoria,Dumphries,vdumphries1u@sciencedaily.com,Female,859-839-0421,3,$2a$04$1vkSistHRFdNXIJS/HP7I.8k1gAtb6PBi92aV.Ys97klqqIv3M0he,799 Victoria Lane
68,Rich,Conniam,rconniam1v@twitter.com,Male,810-747-3148,2,$2a$04$lud7QkPa/DFbomrMvp7EYORt.CLnDGd2LKcxbp37mhX0j2TTgvj4i,17603 Butternut Avenue
69,Suzy,Costard,scostard1w@earthlink.net,Female,720-310-3393,1,$2a$04$yqpn6mNLGydMgbqfDPW9r.nDPqfRWRBqUeIkYGDxrkym5IpTUALie,8 Judy Circle
70,Townie,Vaughan,tvaughan1x@loc.gov,Male,584-662-7203,2,$2a$04$O4AmCJq2kZT.2EmgT/9E7e2KCb2caPDU/Vmrh8cXncG/ov9GWRUoq,70 Columbus Hill
71,Adina,Tavner,atavner1y@360.cn,Female,562-643-2601,3,$2a$04$GzisODlhCPSut7j2p6Pvxe2pPV5suSoir55DxjEM/aoQ2R9sUS2Ha,41 Esch Park
72,Berry,MacIlriach,bmacilriach1z@1und1.de,Female,100-577-7423,1,$2a$04$9GOABX.jx2Q9dXXq2x9uuOXEl5xLhWODMTn0pmR5sEOZRYsz7ZsUC,1 Raven Street
73,Krispin,Ellerton,kellerton20@usa.gov,Male,365-102-4985,3,$2a$04$KqiysFpKzi5P7b2sVskEfeLgIUr/XdMv/ps/cNsoK9Cj7zTV5vrrK,2489 Jenifer Hill
74,Ario,Bester,abester21@paypal.com,Male,426-902-7870,2,$2a$04$aHP3nJEeCEsy5QJL6kxqqOrVWecB2hGBADoaiT7xycjJUlPA7kmf6,17 Rigney Parkway
75,Selie,Gossling,sgossling22@miitbeian.gov.cn,Female,795-948-4140,1,$2a$04$1mf1i4/R0PzRsx7mo0wIo.U9o5ZlE/e8.vWK78QKqLb2GinREz4lm,046 Lunder Alley
76,Alayne,Bertouloume,abertouloume23@amazon.co.uk,Female,963-350-1476,3,$2a$04$HiPUTIkpiZ97t7tO4m8JXug1v1jnbSi9piZnJJtpj1Wbg2zDgxj/m,1 Commercial Junction
77,Eldridge,Lymbourne,elymbourne24@jalbum.net,Male,767-357-5144,1,$2a$04$uOSfqT6yQ3NEwrVTj/eQ7Oa7v24y3T8/KqKpKwDYMnYZ.yx/ErAwS,0067 Novick Drive
78,Shari,Speddin,sspeddin25@bloomberg.com,Female,202-600-5881,2,$2a$04$rE25T3UY2o7NLGHDudSc1uOOkaTr4FuKrTNUxUKMpHmUSfLk4xmgu,19 6th Place
79,Leeann,Harsent,lharsent26@prlog.org,Female,394-477-7854,2,$2a$04$Mtjt1d2nzcL7KQv4sV7r6ujI1llW/QEcqf744fg/eev7FeicsDcUi,4513 Arrowood Terrace
80,Nelie,Trumble,ntrumble27@tuttocitta.it,Female,804-662-2573,3,$2a$04$d1Ejgg.EsOC8e3lAjcgpUuSQsFc0gUko0IKNGyCqB8h002WeO.njC,13725 Starling Alley
81,Conney,Grigoryev,cgrigoryev28@php.net,Male,458-335-8621,1,$2a$04$I3JHNfSCgAXzofJLHHtPAe6J8UOwNBYLEXllwWC9Uq1XQ23D7X3c6,7991 Shopko Court
82,Mora,Janus,mjanus29@canalblog.com,Female,146-238-5854,2,$2a$04$z7L2SCrgymwg47kodokfdOL.6KMVQVV.QWHdkMQigiaEtnTj9g3uS,37394 Golf Course Plaza
83,Obed,Haquin,ohaquin2a@parallels.com,Male,952-201-5155,1,$2a$04$xmGXGNu1j5sOzVJasJamV.IPHFwJ99DZKJupg72fjVpboHDZjA.lW,49 Dixon Parkway
84,Olivette,Scirman,oscirman2b@redcross.org,Female,389-711-4100,3,$2a$04$j.o2d/hzzF1Em5EzrsPnVuIon9TbauWEzeRNqCY5OvADxXQiJYxXi,041 Basil Alley
85,Kelci,Gierth,kgierth2c@ifeng.com,Female,880-265-7481,2,$2a$04$3AZHl4Ho3E8d4E/OVklAseBpmPc1TdIkNlO9G0Jlmjfp9u3ADFMTO,8314 Shoshone Trail
86,Konrad,Eusden,keusden2d@sogou.com,Male,981-455-1970,1,$2a$04$J8accjDKAvVAEmb.u9Vst.the5I38q1qsMBL/IdOzj6dWrkGiMP3y,5 Porter Way
87,Niko,Waitland,nwaitland2e@naver.com,Male,714-220-1296,3,$2a$04$v1aXj/6v5gA7674ziDdEMeLdyUxUq2FTOxHE6b5XUVrdziaj/D0s2,08 Maryland Terrace
88,Bradley,Cann,bcann2f@vinaora.com,Male,442-925-7216,1,$2a$04$mRi1tA0CjgegbIkskIOe0u4LIoqCYWd2SGOLn1RtGftpiJLQddu2y,361 Mcbride Street
89,Willie,Doutch,wdoutch2g@ihg.com,Female,459-961-9899,3,$2a$04$K.WkxkEHhf4oe2VMrnmIXuqHNr64Y3HxifyslOS6c9lWS6kQMizFa,2387 Oakridge Circle
90,Kellyann,Axelbee,kaxelbee2h@yellowpages.com,Female,620-287-1169,2,$2a$04$Dsq5IZUcbbVy/MIRdV.44usdZH2cwqEXvC.8eCmceq1bl8.QvI.MO,2 6th Circle
91,Petronilla,Kinsman,pkinsman2i@amazon.co.jp,Female,777-981-9425,2,$2a$04$YBg5G7KM/kP68T0zgy/fC.2l6eiusxfpzO8uXZUyYyIZDUuh7aZTK,36 Delaware Way
92,Gale,Laphorn,glaphorn2j@oaic.gov.au,Male,904-763-7517,1,$2a$04$7M9U6Ppc6jIcK.HGpYIc9urCmCTrI44QpD.3OIhfDWHXOFxd9EODa,61380 Summer Ridge Plaza
93,Kipp,Buxcy,kbuxcy2k@jiathis.com,Male,639-117-2416,3,$2a$04$EhjouQh0Q44SEcTpX/QlM.usxMvtbDL5DDkv/2QYTMfFItFkhfQLW,0 Forest Dale Plaza
94,Magdalene,Jizhaki,mjizhaki2l@nymag.com,Female,432-509-2231,1,$2a$04$ZobfDT6qG1ZyMQMC8XShSOa97D9K.8ZpsD84tPQv6G4fbRs/biy/e,242 Holy Cross Terrace
95,Vally,MacKaig,vmackaig2m@vkontakte.ru,Female,270-683-7311,3,$2a$04$q9nNuA64B40INHMv4kpzteVhIveKdgXUseCm77uk5x9SGXLAC9Vmy,24301 Hansons Terrace
96,Maurise,Luckham,mluckham2n@huffingtonpost.com,Male,652-699-7240,2,$2a$04$Ksdr0T5M7VoVFMN/W/QJ7ureDLcPb4unjWLKxT6XZDdfMp59rJoiW,72089 Johnson Drive
97,Iseabal,Cowley,icowley2o@yale.edu,Female,534-923-4704,1,$2a$04$L69K37fogYWXmWUncUduveZbFPJKsjgbDHXSHYpnLuCQsNmrhKxH2,7938 Burrows Hill
98,Wells,MacInherney,wmacinherney2p@xing.com,Male,317-893-0507,3,$2a$04$ivD31qZSKkGi/yQcbtMaSOaiov4kb7l5GeOvY8oDL6joXd8kFRSPK,07 Linden Trail
99,Ruthie,Shearston,rshearston2q@so-net.ne.jp,Female,761-441-9808,2,$2a$04$Y.jQOOjkJ1P0cJ4OOUXP/OzqJ1OsyAMve/wsHLmEl1pzzBHRKv20i,516 Ronald Regan Hill
100,Candice,Hulks,chulks2r@a8.net,Female,337-534-2470,2,$2a$04$qI6IA1FPKcPKPu9CzCOoLe/KtkgVvWhLsXADB1.FqMVRyYgLiIsJ2,44758 Judy Crossing
